{
  "users": [
    {
      "id": "1",
      "name": "teste",
      "email": "teste",
      "Password": "teste",
      "isOng": true
    },
    {
      "Id": 5,
      "Name": "testando",
      "email": "testando",
      "Password": "testando",
      "isOng": true,
      "id": "UcocLeV"
    },
    {
      "name": "admin",
      "email": "admin",
      "password": "admin",
      "isOng": false,
      "id": "XngzGnl"
    },
    {
      "name": "teste4",
      "email": "teste4",
      "password": "teste4",
      "isOng": true,
      "id": "iTITKb3"
    },
    {
      "name": "lalala",
      "email": "lalala",
      "password": "lalala",
      "isOng": true,
      "id": "KDKo1jU"
    },
    {
      "name": "tatata",
      "email": "tatata",
      "password": "tatata",
      "isOng": true,
      "id": "3UzYyq0"
    },
    {
      "name": "Admin",
      "email": "admin@admin",
      "password": "admin",
      "isOng": true,
      "id": "gAQ3w_7"
    }
  ],
  "abrigos": [
    {
      "id": "teste",
      "name": "teste",
      "address": "rua teste bairro teste",
      "phone": "12345678",
      "description": "testando uma descricao "
    },
    {
      "name": "Animais Bh",
      "phone": "987655432",
      "description": "Abrigo para animais de rua",
      "address": "rua x ",
      "address2": "Casa",
      "city": "bh",
      "state": "mg",
      "postalCode": "12344556",
      "userId": "gAQ3w_7",
      "id": "04H4qmV"
    }
  ]
}
